case_id,scope,environment,service_id,device_client,release_id,order_id,restricted_evidence_reference,expected_result,observed_result,status,operator,checked_at
PAY-01,payment,production,global-quick,,,,,One charge and correct completed 10-Star report,,not_run,,
PAY-02,payment,production,risk-guard,,,,,One charge and correct completed 15-Star report,,not_run,,
PAY-03,payment,production,prediction-quick,,,,,One charge and correct completed 10-Star report,,not_run,,
PAY-04,payment,production,global-pro,,,,,One charge and correct completed 15-Star report,,not_run,,
PAY-05,payment,production,prediction-pro,,,,,One charge and correct completed 15-Star report,,not_run,,
REC-01,recovery,production,,,,,,Same paid report recoverable after closing and on another device,,not_run,,
REC-02,recovery,staging,,,,,,Saved payment repairs missing job without rebilling,,not_run,,
SEC-01,ownership,staging,,,,,,Other account cannot read order or refund it,,not_run,,
REF-01,refund,staging,,,,,,Terminal failed report returns Stars exactly once,,not_run,,
REF-02,refund,production,,,,,,Controlled live refund evidenced without harming customers,,not_run,,
OPS-01,operations,staging,,,,,,Paused new sales preserve paid fulfillment and recovery,,not_run,,
OPS-02,operations,staging,,,,,,Report and account records recovered from isolated restore,,not_run,,
WAL-01,evm_history,staging,,,,,,Browser signature requires separate authenticated account confirmation,,not_run,,
WAL-02,evm_history,staging,,,,,,Disconnect and restart do not erase association,,not_run,,
WAL-03,evm_history,staging,,,,,,Old association stays active until replacement confirmation,,not_run,,
WAL-04,evm_history,staging,,,,,,Explicit unlink removes imported history access and preserves Stars reports,,not_run,,
WEB-01,pulse_website,production,,,,,,Fresh welcome and website command open official domain with correct campaign tags on mobile and Desktop,,not_run,,
WEB-02,pulse_profile,production,,,,,,Public bot descriptions show www.ai-pulse.tech and website appears in command menu,,not_run,,
TON-01,ton_payment,production,global-quick,,,,,One 10-Star TON-USDT Quick report delivered as a complete document in the same PULSE chat,,not_run,,
TON-02,ton_payment,production,global-pro,,,,,One 15-Star TON-USDT Pro report delivered as a complete document in the same PULSE chat,,not_run,,
TON-03,shared_account,production,,,,,,Chat library includes chat and TON orders for one Telegram account,,not_run,,
TON-04,ton_isolation,staging,,,,,,TON API rejects EVM history and chat-only order reads or refunds,,not_run,,
TON-05,ton_delivery_permission,production,,,,,,Direct launch asks message permission before invoice; denied permission creates no invoice,,not_run,,
TON-06,ton_wallet,production,,,,,,TON Connect restores the session across clients and does not replace the saved EVM history wallet,,not_run,,
BOT-01,single_bot_configuration,production,,,,,,Chat and TON status match one username and webhook; Main Mini App and Open PULSE menu point to ton-miniapp,,not_run,,
